{
  "timestamp": "2025-08-19T19:02:56+08:00",
  "description": "Redis Pipeline vs Single Command Performance Benchmark",
  "comparisons": [
    {
      "operation": "SET",
      "single_mode": {
        "operation": "SET",
        "batch_size": 1,
        "total_ops": 10000,
        "duration": 1133656560,
        "ops_per_second": 8821.013658669253,
        "avg_latency_ms": 0.113365656,
        "pipeline_count": 10000
      },
      "pipeline_mode": {
        "operation": "SET",
        "batch_size": 100,
        "total_ops": 10000,
        "duration": 28809993,
        "ops_per_second": 347101.7851340679,
        "avg_latency_ms": 0.28809993,
        "pipeline_count": 100
      },
      "improvement": 39.349421570494655,
      "throughput_gain": 3834.9421570494655,
      "latency_reduction": -154.1333417591656
    },
    {
      "operation": "GET",
      "single_mode": {
        "operation": "GET",
        "batch_size": 1,
        "total_ops": 10000,
        "duration": 1160573518,
        "ops_per_second": 8616.42958839252,
        "avg_latency_ms": 0.11605735180000001,
        "pipeline_count": 10000
      },
      "pipeline_mode": {
        "operation": "GET",
        "batch_size": 100,
        "total_ops": 10000,
        "duration": 37252420,
        "ops_per_second": 268438.9363160836,
        "avg_latency_ms": 0.3725242,
        "pipeline_count": 100
      },
      "improvement": 31.15431206885351,
      "throughput_gain": 3015.431206885351,
      "latency_reduction": -220.9828539272253
    },
    {
      "operation": "INCR",
      "single_mode": {
        "operation": "INCR",
        "batch_size": 1,
        "total_ops": 10000,
        "duration": 1175112232,
        "ops_per_second": 8509.825468313225,
        "avg_latency_ms": 0.1175112232,
        "pipeline_count": 10000
      },
      "pipeline_mode": {
        "operation": "INCR",
        "batch_size": 100,
        "total_ops": 10000,
        "duration": 20509473,
        "ops_per_second": 487579.56871929375,
        "avg_latency_ms": 0.20509473,
        "pipeline_count": 100
      },
      "improvement": 57.29607152753267,
      "throughput_gain": 5629.607152753267,
      "latency_reduction": -74.53203567708246
    }
  ]
}